<?xml version="1.0" encoding="UTF-8"?>
<project-private xmlns="http://www.netbeans.org/ns/project-private/1">
    <editor-bookmarks xmlns="http://www.netbeans.org/ns/editor-bookmarks/2" lastBookmarkId="0"/>
    <open-files xmlns="http://www.netbeans.org/ns/projectui-open-files/2">
        <group>
            <file>file:/home/ccslearner/NetBeansProjects/CPManagementApp/web/filterlocation_processing.jsp</file>
            <file>file:/home/ccslearner/NetBeansProjects/CPManagementApp/web/addloc_processing.jsp</file>
            <file>file:/home/ccslearner/NetBeansProjects/CPManagementApp/web/searchlocation.jsp</file>
            <file>file:/home/ccslearner/NetBeansProjects/CPManagementApp/web/index.html</file>
            <file>file:/home/ccslearner/NetBeansProjects/CPManagementApp/web/generate_report1.jsp</file>
            <file>file:/home/ccslearner/NetBeansProjects/CPManagementApp/web/addlocation.html</file>
            <file>file:/home/ccslearner/NetBeansProjects/CPManagementApp/src/java/CPManagement/CPReport1.java</file>
            <file>file:/home/ccslearner/NetBeansProjects/CPManagementApp/web/searchlocation_processing.jsp</file>
            <file>file:/home/ccslearner/NetBeansProjects/CPManagementApp/src/java/CPManagement/Location.java</file>
        </group>
    </open-files>
</project-private>
